Article,Regions,GN_GS,primary_data_type,Broader_data_type,primary_dataset_source,primary_data_ownership,reference_comparison_dataset,reference_data_type_broad,reference_chart,reference_data_type,reference_data_ownership,reference_ownership_broader,supporting_datasets,supporting_data_type,supporting_data_ownership,supporting_datasets_role,specific_measurement_approach,measurement_approach_parent_category,,reference_relationship,dimension_assessed,direct_indirect_measure,method_of_inequality_measure,source_file,brief_interpretation_for_review,screening_priority
Borkowska & Pokonieczny (2022),Poland,GN,"Multi-feature topographic / land-cover data: roads, railways, rivers, buildin...",multi-feature topographic,OpenStreetMap data from Geofabrik,Crowdsourced/VGI/open data,"BDOT10k — National Database of Topographic Objects, Poland",topographic / base map data,topographic / base map data,Authoritative topographic vector database,Government/authoritative,Government / authoritative,County boundary/study area information; county socioeconomic/statistical data,Administrative/study-area data; socioeconomic/statistical data,Government/statistical or public administrative data,Defines five study counties and supports interpretation of OSM quality differ...,"OSM features compared with corresponding BDOT10k objects using RMSE, buffer o...",Dataset comparison; spatial/statistical comparison,,Reference-based comparison,Completeness; geometric/location accuracy; attribute compatibility; commissio...,Indirect,Completeness and accuracy ratios by county; correlation with income per capita; no formal inequality index,Borkowska and Pokonieczny - 2022 - Analysis of OpenStreetMap Data Quality for Selected Counties in Poland in Terms of Sustainable Devel.pdf,Relevant as indirect evidence of uneven OSM data quality; not a direct GN–GS ...,Medium
Borkowska et al. (2023),Poland,GN,Building data — building footprints / building polygons,building / settlement data,OpenStreetMap building polygons from Geofabrik,Crowdsourced/VGI/open data,BDOT10k — Polish Database of Topographic Objects,topographic / base map data,topographic / base map data,Authoritative topographic vector database focused on building objects,Government/authoritative,Government / authoritative,Orthophotos from Geoportal; Piaseczno County/study area data; GUS statistical...,Orthophoto imagery; administrative/study-area data; demographic/statistical data,Government/public geoportal; government/statistical,Orthophotos visually interpret OSM–BDOT10k discrepancies; county/GUS data pro...,"OSM building polygons compared with BDOT10k buildings using C Index, COUNT In...",Dataset comparison; spatial/statistical comparison,,Reference-based comparison,Areal completeness; numerical completeness; positional overlap/location accur...,Indirect,Completeness indices by 1 km² hexagonal grid; bivariate choropleth spatial comparison; no formal inequality index,Borkowska et al. - 2023 - OpenStreetMap – building data completeness visualization in terms of “Fitness for purpose”.pdf,Relevant as indirect evidence of spatial variation in building footprint comp...,Medium
Biljecki et al. (2023),Multiple countries,Multiple countries,Building data — building attributes / semantic building information,building / settlement data,OpenStreetMap / Planet OSM building attribute data,Crowdsourced/VGI/open data,"Google Street View, used partially for manual validation",imagery / remote sensing data,imagery / remote sensing data,Street-level imagery,Commercial/proprietary,Commercial/proprietary,GADM; WorldPop,Administrative boundary data; gridded population/contextual data,Research/open datasets,GADM aggregates results by country and administrative levels; WorldPop suppor...,"OSM building attributes assessed for completeness, consistency, and accuracy;...",Intrinsic evaluation; external validation; spatial/statistical comparison,,Partial reference-based validation,Attribute completeness; tag consistency/validity; attribute accuracy; spatial...,Indirect,"Attribute completeness, validity, and accuracy rates by country, administrative unit, and 1 × 1 km grid; no formal inequality index",Biljecki et al. - 2023 - Quality of crowdsourced geospatial building information A global assessment of OpenStreetMap attrib(1).pdf,Relevant as indirect global evidence of uneven OSM building attribute quality.,Medium-high
Brovelli & Zamboni (2018),Italy,GN,Building data — building footprints/building polygons,building / settlement data,"OpenStreetMap building footprints for Lombardy, Italy",Crowdsourced/VGI/open data,"Regional Topographical Database (DBT), Lombardy",topographic / base map data,topographic / base map data,Authoritative topographic vector database / official building footprint data,Government/authoritative regional mapping data,Government / authoritative,Regular grid; DBT technical accuracy specifications,Grid/spatial aggregation layer; technical accuracy specifications,Research-generated; government/authoritative,Grid used for zonal analysis; DBT specifications used to define positional to...,Map-matching comparison of OSM and DBT building footprints using homologous p...,Dataset comparison; reference-based comparison; spatial/statistical compariso...,,Reference-based comparison,Positional accuracy; completeness; omission/commission; spatial heterogeneity,Indirect,Completeness percentage; positional deviation statistics; grid-based spatial comparison; no formal inequality index,Brovelli and Zamboni - 2018 - A New Method for the Assessment of Spatial Accuracy and Completeness of OpenStreetMap Building Footp.pdf,Moderately relevant; empirical OSM building quality assessment in Italy.,Medium
Campalani et al. (2023),Burundi,GS,Road network / transportation network data,transportation,OSM roads for Burundi via OSMnx/Overpass API,Crowdsourced/VGI/open data,Google Maps satellite imagery; MoH Burundi official road dataset used for vis...,mixed: imagery + transportation,mixed reference data,Commercial satellite imagery; government road vector data,Commercial/proprietary; government/authoritative,Multiple ownership,ISTEEBU collines; 2021 gridded population; GRID3 settlements; GMTED2010 terra...,Administrative boundaries; population grid; settlement data; elevation/terrai...,Government/statistical; research/open; USGS/NGA; OSM/open,"Aggregation by colline, urban/rural sampling, road-gap detection, and interpr...",RMSE/NSSDA positional accuracy assessment using sampled road nodes and Google...,External validation; proxy-based assessment; spatial/statistical comparison; ...,,Partial reference-based validation,Positional accuracy; completeness; spatial coverage; spatial consistency; fit...,Indirect,RMSE/NSSDA; proxy-based administrative-unit gap detection; road-density compa...RMSE/NSSDA; proxy-based administrative-unit gap detection; road-density comparison; no formal inequality index,Campalani et al. - 2023 - Assessing OpenStreetMap roads fitness-for-use for disaster risk assessment in developing countries(1).pdf,Highly relevant: developing-country/data-scarce context and OSM fitness-for-u...,High
Dotse-Gborgbortsi et al. (2018),Multiple countries,Multiple countries,Commercial geospatial resource availability / geospatial data infrastructure ...,commercial geospatial resource,"Commercial data availability/quality information for geocoding, patient trave...",Commercial/proprietary,WHO mortality data; Ghana and Nigeria deprivation indicators,mixed: health outcome + socioeconomic / demographic data,mixed reference data,Health outcome/mortality data; socioeconomic deprivation data,International public health; government/statistical/public institutional,International Organization,World Bank GDP and internet-use data; Ghana DHIMS2 facility names; UNICEF Dis...,Economic/internet indicators; facility/school names; census/deprivation data;...,International/open; government/statistical; commercial API; public/institutional,Contextualizes geospatial data inequality and supports sub-national geocoding...,Composite commercial geospatial resource index compared with mortality; geoco...,Direct inequality assessment; spatial/statistical comparison; composite index...,,Health-need comparison / inequality-gradient comparison,Availability; accessibility; commercial geospatial resource quality; geocodin...,Direct,Slope Index of Inequality; Relative Concentration Index; composite geospatial resource index; correlation/regression analysis,Dotse-Gborgbortsi et al. - 2018 - A cross-sectional ecological analysis of international and sub-national health inequalities in comme(1).pdf,Highly relevant: directly measures geospatial resource inequality relative to...,High
Elias et al. (2020),Brazil,GS,Road network data / road-axis line features,transportation,"OSM road-axis data for Salvador, Bahia, Brazil",Crowdsourced/VGI/open data,SICAD municipal cartographic and cadastral system of Salvador,topographic / base map data,topographic / base map data,Municipal authoritative cartographic/cadastral road-axis vector data,Government/authoritative municipal data,Government / authoritative,Prefecture-neighborhood boundaries; Salvador development regions; 1 × 1 km gr...,Administrative boundaries; planning regions; grid layer; road-classification ...,Government/municipal; government/legal; research-generated,"Organizes spatial analysis, assesses grid-based completeness, harmonizes road...","OSM road axes compared with SICAD using double-buffer positional accuracy, ro...",Dataset comparison; reference-based comparison; spatial/statistical compariso...,,Reference-based comparison,Positional accuracy; completeness; thematic accuracy; attribute/name complete...,Indirect,PEC-PCD accuracy classification; double-buffer discrepancy; length-based completeness by 1 × 1 km grid; thematic accuracy percentage; no formal inequality index,Elias et al. - 2020 - The quality of OpenStreetMap in a large metropolis in northeast Brazil Preliminary assessment of ge(1).pdf,Relevant as indirect evidence from a large metropolis in northeast Brazil.,Medium
Forghani & Delavar (2014),Iran,GS,Road network data / street network line features,transportation,OSM road data for central Tehran from Cloudmade,Crowdsourced/VGI/open data,Municipality of Tehran reference map,topographic / base map data,topographic / base map data,Municipal authoritative road/street vector dataset at 1:2000 scale,Government/authoritative municipal data,Government / authoritative,Grid/tile layer; Google Earth imagery,Spatial aggregation grid; imagery basemap,Research-generated; commercial/proprietary imagery,Grid supports tile-by-tile comparison and uncertainty mapping; imagery suppor...,"OSM and reference roads compared using road length, minimum bounding geometry...",Dataset comparison; reference-based comparison; spatial/statistical compariso...,,Reference-based comparison,Completeness; spatial consistency; geometric similarity; uncertainty; spatial...,Indirect,Grid-based uncertainty mapping; road-length completeness comparison; fuzzy integrated quality score; no formal inequality index,Forghani and Delavar - 2014 - A Quality Study of the OpenStreetMap Dataset for Tehran(1).pdf,Relevant as indirect evidence of VGI quality heterogeneity in Tehran.,Medium
Girres & Touya (2010),France,GN,"Multi-feature topographic/VGI data: roads, POIs, coastline, administrative bo...",multi-feature topographic,French OSM dataset from CloudMade shapefiles,Crowdsourced/VGI/open data,BD TOPO® / RGE from IGN,topographic / base map data,topographic / base map data,Government authoritative topographic vector database,Government/authoritative national mapping data,Government / authoritative,Hendaye; L’Alpe d’Huez; Seine/Garonne river areas; 75 French sample areas; co...,Study-area samples; contributor/edit metadata; coastline source/lineage data,Research-defined; crowdsourced metadata; government/military-derived shorelin...,Supports assessment of different quality dimensions and spatial heterogeneity...,"OSM compared with BD TOPO® using Euclidean, Hausdorff, average, and surface d...",Dataset comparison; reference-based comparison; spatial/statistical compariso...,,"Reference-based comparison, with intrinsic/metadata assessment",Geometric accuracy; attribute accuracy; semantic accuracy; completeness; logi...,Indirect,Completeness ratios; geometric distance statistics; attribute/tag completeness; semantic accuracy; topological inconsistency checks; contributor-density comparison; no formal inequality index,Girres and Touya - 2010 - Quality Assessment of the French OpenStreetMap Dataset(1).pdf,Relevant as broad OSM data quality/heterogeneity assessment; Global North case.,Medium
Hacar et al. (2018),Turkey,GN,Road network data / OSM road-network line features,transportation,"OSM road data for Ankara, Turkey, 2007–2017, extracted with Osmium",Crowdsourced/VGI/open data,None,no external reference data,no external reference data,Not applicable,Not applicable,None,Ankara study boundary; annual OSM history data; contributor/activity data; Tu...,Study-area boundary; temporal OSM data; contributor metadata; demographic/con...,Research-defined; crowdsourced/VGI; government/statistical,Supports analysis of OSM road-network evolution and contributor behavior over...,"Temporal completeness, road length, road counts, mean length, road-type ratio...",Intrinsic evaluation; temporal/evolution analysis; contributor-behavior analy...,,No reference dataset / intrinsic OSM analysis,Temporal completeness; contributor activity; road-network growth; road detail...,Indirect,Temporal completeness ratio; activation density; centrality metrics; road-type and length statistics; sinuosity; no formal inequality index,"Hacar et al. - 2018 - Analyzing OpenStreetMap Road Data and Characterizing the Behavior of Contributors in Ankara, Turkey(1).pdf",Somewhat relevant: contributor-behavior/evolution study; not direct quality c...,Low-medium
Jackson et al. (2013),USA,GN,Infrastructure-associated point data / school POI point features,POI / facility data,OpenStreetMap school POIs; USGS OpenStreetMap Collaborative Project (OSMCP) school points,Crowdsourced/VGI/open data,Oak Ridge National Laboratory (ORNL) national school location dataset based on Department of Education lists,POI / facility data,other reference,Government/national reference point dataset for schools,Government/authoritative national dataset,Government / authoritative,Study-area boundary for a major metropolitan area; school feature matching rules,Administrative/study-area boundary; matching/quality-control workflow,Research-defined; government/reference data,Defines the case-study area and supports point-feature matching for completeness and spatial-error assessment.,Compared volunteer school point datasets with the ORNL reference dataset to quantify feature completeness and spatial error; also contrasted ordinary OSM with the quality-controlled OSMCP dataset.,Dataset comparison; reference-based comparison; spatial/statistical comparison; point-feature quality assessment,,Reference-based comparison,Completeness; positional accuracy/spatial error; effects of quality-control feedback; heterogeneity of volunteered point data,Indirect,Feature matching; completeness ratios; point-distance/spatial-error measures; no formal inequality index,Jackson et al. - 2013 - Assessing Completeness and Spatial Error of Features in Volunteered Geographic Information.pdf,"Useful as an indirect VGI quality article, especially for point-feature data and the role of quality control. It is not a GN–GS comparison and is based on a U.S. case, so it is best used as methodological/contextual evidence.",Low-medium
Yagoub (2017),UAE,GS,Multi-feature OSM urban geospatial data / roads and mapped urban features,multi-feature topographic,"OpenStreetMap data for Abu Dhabi City, United Arab Emirates",Crowdsourced/VGI/open data,Official Abu Dhabi city data,topographic / base map data,topographic / base map data,Government/authoritative urban geospatial dataset,Government/authoritative,Government / authoritative,ISO 19113/19157 data quality framework,Quality-standard framework,International standards / methodological guidance,"Provides the data quality elements used to structure the assessment: completeness, logical consistency, positional accuracy, thematic accuracy, and temporal accuracy.","Compared OSM with official Abu Dhabi data using ISO data quality elements; tested completeness, logical consistency, positional accuracy, and thematic accuracy.",Dataset comparison; reference-based comparison; spatial/statistical comparison; multi-dimensional data quality assessment,,Reference-based comparison,Completeness; logical consistency; positional accuracy; thematic accuracy; temporal aspects; fitness-for-use,Indirect,ISO-based data quality indicators; positional accuracy standards; completeness and consistency checks; no formal inequality index,"Yagoub - 2017 - Assessment of OpenStreetMap (OSM) Data The Case of Abu Dhabi City, United Arab Emirates.pdf",Relevant as an indirect Global South/Middle East example of OSM quality assessment against official data. It helps show how OSM quality is evaluated in places where open data may support disaster response and planning.,Medium
Wang et al. (2020),China,GS,Land-use/land-cover data / OSM-based LULC classes,land-use / land-cover,OSM-derived LULC dataset for China,Crowdsourced/VGI/open data,No full external LULC reference dataset for the main intrinsic assessment; validation used accuracy measures,no external reference data,no external reference data,Not applicable for main assessment; validation/reference information used for checking accuracy,Not applicable / mixed validation sources,None,Prefecture-level administrative divisions; socioeconomic variables; OSM contributor counts,Administrative units; socioeconomic/contextual data; contributor metadata,Government/statistical; crowdsourced/VGI metadata,Used to map and explain completeness and diversity patterns across Chinese prefecture-level divisions.,"Generated an OSM-based LULC dataset, assessed intrinsic completeness and diversity patterns, validated accuracy, and related those patterns to socioeconomic factors and contributor counts.",Intrinsic evaluation; spatial/statistical comparison; proxy/contextual association; diversity assessment,,No full reference dataset / intrinsic OSM assessment,Completeness; thematic diversity; LULC accuracy; socioeconomic/contributor-related spatial heterogeneity,Indirect,Completeness and diversity indicators by prefecture; correlation with socioeconomic/contributor variables; no formal inequality index,Wang et al. - 2020 - Understanding Completeness and Diversity Patterns of OSM-Based Land-Use and Land-Cover Dataset in Ch.pdf,Relevant because it treats diversity as a quality dimension and links OSM LULC quality to socioeconomic and contributor patterns in China. It is indirect but useful for explaining drivers of uneven data quality.,Medium-high
Li et al. (2025),USA,GN,Road network data,transportation,OpenStreetMap road data for counties in the contiguous United States,Crowdsourced/VGI/open data,U.S. Census TIGER road data,transportation,transportation,Government authoritative/national road vector dataset,Government/authoritative,Government / authoritative,County boundaries; metropolitan/nonmetropolitan/rural county classifications,Administrative boundaries; rural-urban/contextual classification,Government/statistical,Used to aggregate and compare road completeness/accuracy indicators by county type.,"Compared OSM roads with TIGER roads using three completeness/positional-accuracy indicators, mapped county-level discrepancies, and used ANOVA/boxplots to compare metropolitan, nonmetropolitan, and rural counties.",Dataset comparison; reference-based comparison; spatial/statistical comparison; rural-urban comparison,,Reference-based comparison,Road completeness; positional accuracy; county-level spatial heterogeneity; metropolitan-rural differences,Indirect,County-level completeness and positional accuracy indicators; ANOVA and boxplot comparisons; no formal inequality index,Li et al. - 2025 - Mapping the Completeness and Positional Accuracy of OpenStreetMap Road Data at the County Level in t.pdf,"Relevant as a strong indirect example of spatial inequality in OSM road quality, especially urban–rural variation. It is U.S.-focused, so it supports methods and comparison logic rather than GN–GS claims.",Medium
Graham et al. (2014),Multiple countries,Multiple countries,User-generated information / digital knowledge representation,geospatial metadata / contribution activity,Wikipedia and other user-generated information indicators across places,user-centered survey,Population/connectivity/geographic context used to interpret representation,population / socioeconomic / demographic data,population / socioeconomic / demographic data,Socio-demographic and internet/digital context data,Mixed public/open and platform-derived data,Multiple ownership,Country/city/regional geographic units; internet/population/contextual data,Administrative units; digital divide/contextual indicators,Public/open; platform-derived,Supports analysis of informational poverty and uneven digital representation across global geographies.,"Analyzed global spatial patterns of user-generated information production and representation, showing persistent core-periphery inequalities despite expanded internet access.",Direct inequality assessment; spatial/statistical comparison; digital divide/informational representation assessment,,Contextual/digital divide comparison,Information availability; digital representation; user-generated content inequality; informational poverty,Direct,Spatial distribution analysis of user-generated information; representation gaps; no single formal geospatial data quality index,Graham et al. - 2014 - Uneven Geographies of User-Generated Information Patterns of Increasing Informational Poverty.pdf,"Highly relevant conceptually because it directly addresses uneven geographies of user-generated information and informational poverty. It is not limited to geospatial datasets, but it supports your broader theoretical framing.",High
Tian et al. (2019),China,GS,Building data / OSM building footprints,building / settlement data,"OSM building data in China, 2012–2017",Crowdsourced/VGI/open data,No national authoritative building reference dataset used,no external reference data,no external reference data,Not applicable,Not applicable,None,Provincial and prefecture administrative divisions; 1 × 1 km urban grid; GDP; OSM road length,Administrative boundaries; regular grid; socioeconomic/contextual variables; OSM road context,Government/statistical; research-generated grid; crowdsourced/VGI,"Used to analyze building-data evolution, density, spatial patterns, and possible factors affecting development of OSM building data.",Measured OSM building count and building density over time by province/prefecture and within 1 × 1 km urban grids; analyzed links with GDP and OSM road length.,Intrinsic evaluation; temporal/evolution analysis; spatial/statistical comparison; proxy/contextual association,,No reference dataset / intrinsic OSM analysis,Building data completeness proxy; spatial coverage; temporal growth; urban grid-level density; socioeconomic/contextual variation,Indirect,Building count and density indicators; temporal growth analysis; grid-based comparison; correlation with GDP/OSM roads; no formal inequality index,"Tian et al. - 2019 - An Analysis of the Evolution, Completeness and Spatial Patterns of OpenStreetMap Building Data in Ch.pdf",Relevant as an indirect China case showing how OSM building coverage evolves unevenly and relates to economic and mapping context. Useful for driver and measurement discussions.,Medium-high
Viana et al. (2019),Portugal,GN,Land-use/land-cover data / OSM historical LULC features,land-use / land-cover,OpenStreetMap historical contributions used to create annual LULC datasets,Crowdsourced/VGI/open data,CORINE Land Cover; official Portuguese Land Cover Map,land-use / land - cover data,land-use / land-cover data,Authoritative/official land-cover reference datasets,European/official government or institutional reference data,Government / authoritative,Annual OSM history snapshots; boundary-distance criteria for training sample quality,Temporal VGI history data; sampling/validation criteria,Crowdsourced/VGI; research-derived,Used to generate multi-temporal LULC samples and evaluate whether OSM features could support training-sample extraction.,"Created annual OSM-based LULC datasets and compared them with CORINE and Portuguese official land-cover maps; assessed completeness, thematic accuracy, and near-boundary tag accuracy.",Dataset comparison; reference-based comparison; temporal/evolution analysis; training-sample fitness assessment,,Reference-based comparison,Completeness; thematic accuracy; training-sample quality; boundary-related accuracy; temporal coverage,Indirect,Completeness ratio; thematic accuracy percentages; near-boundary accuracy assessment; no formal inequality index,Viana et al. - 2019 - The Value of OpenStreetMap Historical Contributions as a Source of Sampling Data for Multi-Temporal.pdf,"Useful as an indirect example of OSM historical data quality for LULC mapping. It emphasizes low coverage but high thematic accuracy, which is helpful for separating availability from accuracy.",Medium
Li et al. (2020),Mozambique,GS,Built-up area / settlement data,building / settlement data,OpenStreetMap built-up area data for Mozambique,Crowdsourced/VGI/open data,High-resolution satellite imagery and deep-learning-derived built-up mapping used to identify missing OSM areas,imagery / remote sensing data,imagery / remote sensing data,Remote sensing imagery; machine-learning-derived built-up reference/proxy,Commercial/open remote sensing; research-derived model outputs,Multiple ownership,Geo-tagged Twitter data; hierarchical DBSCAN clusters; deep-learning model; satellite imagery,Social sensing data; clustering output; remote sensing imagery; model-derived mapping,Platform/commercial social media; research-derived; remote sensing,Twitter clusters act as proxies for human activity; deep learning maps missing built-up areas in a humanitarian/data-scarce setting.,"Used hierarchical DBSCAN on geo-tagged tweets to identify human activity regions, then applied deep learning on imagery to map OSM missing built-up areas in Mozambique.",Proxy-based assessment; remote sensing validation; deep learning; spatial/statistical comparison; humanitarian mapping assessment,,Proxy/reference-based detection of missing data,Built-up area completeness; missing settlement coverage; humanitarian mapping gaps; spatial data scarcity,Indirect,Proxy-based missing-data detection; clustering; deep-learning classification accuracy; no formal inequality index,Li et al. - 2020 - Exploration of OpenStreetMap missing built-up areas using twitter hierarchical clustering and deep l.pdf,Highly relevant for Global South/data-scarce contexts because it identifies OSM missing built-up areas in Mozambique using social and remote sensing proxies. Good for strategies and measurement approaches.,High
Xie et al. (2019),USA,GN,Building data / building footprints,building / settlement data,"OpenStreetMap building footprints for Las Vegas, Nevada",Crowdsourced/VGI/open data,Deep-learning-extracted building footprints from high-resolution remote sensing imagery,building / settlement data,building / settlement data,Remote sensing imagery-derived building footprint reference/proxy,Commercial/proprietary or open imagery; research-derived model output,Multiple ownership,High-resolution remote sensing imagery; multi-task deep convolutional network,Imagery; deep-learning model output,Remote sensing provider; research-derived,Used to produce reference building polygons for assessing OSM completeness and positional accuracy.,"Applied deep learning to extract building footprints from imagery, converted them to polygons, matched them with OSM buildings, and assessed positional accuracy and completeness.",Remote sensing validation; deep learning; dataset comparison; reference/proxy-based assessment,,Reference/proxy-based comparison,Building footprint completeness; positional accuracy; data gaps; fitness for urban planning,Indirect,Feature matching; completeness measures; positional accuracy indicators; no formal inequality index,Xie et al. - 2019 - OpenStreetMap Data Quality Assessment via Deep Learning and Remote Sensing Imagery.pdf,"Methodologically relevant because it shows how remote sensing and deep learning can provide reference data where authoritative data are absent. U.S. case, so less central to GN–GS inequality but useful for methods.",Medium
Kloog et al. (2018),"Multiple countries (USA, Switzerland, Israel)",GN,Road network data for environmental exposure assessment,transportation,"OpenStreetMap major road data for Eastern Massachusetts, Bern, and Beer-Sheva/South Israel",Crowdsourced/VGI/open data,Governmental Major Road Data (GRD),transportation,transportation,Government/authoritative road vector datasets,Government/authoritative,Government / authoritative,Exposure assessment models/locations; three regional case-study areas,Environmental exposure assessment data; study-area context,Research-derived; government/statistical,Used to compare whether OSM roads produce similar exposure estimates to government road data.,"Compared OSM and governmental road datasets by completeness, positional accuracy, and exposure assessment results for epidemiological applications.",Dataset comparison; reference-based comparison; fitness-for-use assessment; spatial/statistical comparison,,Reference-based comparison,Road completeness; positional accuracy; exposure assessment comparability; fitness-for-use,Indirect,Completeness and positional accuracy comparison; exposure model agreement/R²; no formal inequality index,"Kloog et al. - 2018 - Using Open Street Map Data in Environmental Exposure Assessment Studies Eastern Massachusetts, Bern.pdf",Relevant mainly for fitness-for-use: it supports the claim that OSM can substitute for costly official roads in some contexts. Less central to geospatial inequality because cases are mostly high-capacity settings.,Low-medium
Herfort et al. (2023),Multiple countries,Multiple countries,Building data / urban building footprints,building / settlement data,"OpenStreetMap building data for 13,189 urban agglomerations globally",Crowdsourced/VGI/open data,Machine-learning-inferred completeness framework using global urban/built environment context,model-derived,other reference,Model-derived proxy/reference for building stock completeness,Research-derived/open data,Research / open data,Global urban agglomeration database; HDI groups; population and regional classifications; humanitarian mapping indicators,Urban boundaries; socioeconomic/development indicators; population/contextual data; contributor/mapping context,Research/open; international statistical/development data; crowdsourced/VGI metadata,"Used to estimate and interpret building completeness inequalities by city, HDI group, population size, and region.",Used a machine-learning model to infer OSM building stock completeness for global urban agglomerations and analyzed spatial-temporal inequalities and biases.,Direct inequality assessment; proxy/model-based assessment; spatial/statistical comparison; temporal/evolution analysis,,Model-based completeness assessment,Building completeness; urban data inequality; spatial bias; HDI/regional/population-size inequality; humanitarian mapping effects,Direct,Machine-learning completeness estimation; city-level and group inequality comparison; temporal bias analysis; no Gini/Theil in main coding,Herfort et al. - 2023 - A spatio-temporal analysis investigating completeness and inequalities of global urban building data.pdf,Highly relevant: directly addresses global inequalities in OSM building completeness and links them to development level and humanitarian mapping. Strong candidate for core synthesis.,High
Han et al. (2025),China,GS,"Multi-feature OSM data / roads, POIs, topology, names and update indicators",multi-feature topographic,"OpenStreetMap data quality indicators for China, 2014–2020",Crowdsourced/VGI/open data,GDP data and spatial socioeconomic outcomes used for modeling; no single authoritative geospatial reference for all indicators,population / socioeconomic / demographic data,population / socioeconomic / demographic data,Socioeconomic/statistical data; model validation outputs,Government/statistical; research-derived,Multiple ownership,Administrative units at national/provincial/municipal scales; GDP data; machine-learning models; spatial autocorrelation tools,Multi-scale administrative units; socioeconomic data; model outputs,Government/statistical; research-derived,Used to build a multiscale OSM quality index and test relationships between OSM quality and GDP across scales.,"Constructed an OSM quality index using EWM-TOPSIS from indicators such as road length completeness, relative linear density, name attribute completeness, accuracy, update frequency, topology, and directional similarity; modeled relationships with GDP using GTWR and machine learning.",Composite index construction; spatial/statistical comparison; temporal/evolution analysis; model-based assessment,,Mixed intrinsic/model-based assessment,Completeness; attribute completeness; positional/road network accuracy; update frequency; topological consistency; socioeconomic association; spatial clustering,Indirect,EWM-TOPSIS quality index; spatial autocorrelation; GTWR; machine-learning GDP simulation; no formal inequality index,Han et al. - 2025 - Research on multiscale OpenStreetMap in China data quality assessment with EWM-TOPSIS and GDP model.pdf,Relevant for advanced measurement because it creates a composite OSM data quality index and links quality to economic geography. It is indirect but useful for charting composite/model-based approaches.,Medium-high
Barrington-Leigh & Millard-Ball (2017),Multiple countries,Multiple countries,Road network data,transportation,Global OpenStreetMap road network data,Crowdsourced/VGI/open data,Satellite imagery visual assessment; contribution-history saturation model; existing global road datasets for comparison,mixed: imagery + contributor/metadata+road/transportation data,mixed reference data,Remote sensing imagery; model-based completeness reference/proxy; global road datasets,Commercial/open imagery; research-derived; international/global datasets,Multiple ownership,"Country boundaries; satellite imagery; OSM contribution history; governance, internet access, population density variables",Administrative boundaries; imagery; temporal contribution metadata; socioeconomic/digital indicators,Public/international; crowdsourced/VGI metadata; remote sensing,Used to estimate national completeness and explain global variation in OSM road mapping.,Used visual interpretation against imagery and sigmoid contribution saturation models to estimate country-level road completeness worldwide.,Proxy-based assessment; model-based completeness estimation; temporal/evolution analysis; spatial/statistical comparison,,Proxy/model-based comparison,"Road completeness; national coverage; global spatial inequality; relationship with governance, internet access, and population density",Direct,Country-level completeness estimation; multilevel regression/poststratification; saturation curve modeling; no formal inequality index,Barrington-Leigh and Millard-Ball - 2017 - The world’s user-generated road map is more than 80% complete.pdf,Highly relevant because it directly estimates global OSM road completeness and explains cross-country differences. Strong evidence for global unevenness in VGI road data.,High
Herfort et al. (2021),Multiple countries,Multiple countries,Humanitarian mapping contributions / roads and buildings,geospatial metadata / contribution activity,"OpenStreetMap full-history data, humanitarian mapping activity since 2008",Crowdsourced/VGI/open data,Human Development Index groups and population used as comparison context,population / socioeconomic / demographic data,population / socioeconomic / demographic data,Development and population indicators,International public/statistical data,International Organization,OSM full-history data; humanitarian mapping project/activity indicators; HDI and population groups,Temporal contribution metadata; project metadata; socioeconomic/development context,Crowdsourced/VGI; humanitarian mapping organizations; international/open data,Used to identify the spatial and temporal footprint of humanitarian mapping and compare it with development/population need.,Analyzed OSM full history to quantify humanitarian additions of buildings and roads and compare mapping distribution across HDI groups and global population shares.,Direct inequality assessment; temporal/evolution analysis; contributor/organization analysis; spatial/statistical comparison,,Development-need comparison,Humanitarian mapping coverage; building and road data inequality; HDI-related spatial bias; contribution geography,Direct,Contribution counts by HDI/population groups; temporal mapping analysis; spatial distribution comparison; no formal inequality index,Herfort et al. - 2021 - The evolution of humanitarian mapping within the OpenStreetMap community.pdf,Highly relevant: directly connects humanitarian mapping with remaining OSM data inequalities across development levels. Useful for both measurement and strategies/frameworks sections.,High
Gröchenig et al. (2014),Multiple countries,Multiple countries,OSM contribution activity / VGI mapping progress,geospatial metadata / contribution activity,"Worldwide OpenStreetMap contribution history, 2006–2013",Crowdsourced/VGI/open data,No external reference dataset,no external reference data,no external reference data,Not applicable,Not applicable,None,Spatial units for worldwide analysis; modified activity-stage model; OSM history data,Spatial aggregation units; temporal contribution metadata; activity classification model,Research-defined; crowdsourced/VGI metadata,Used to classify regional mapping progress and reveal spatial-temporal heterogeneity in OSM development.,"Analyzed worldwide OSM history using a modified activity-stage model to identify regional and temporal differences in mapping progress, including rural and unpopulated areas.",Intrinsic evaluation; temporal/evolution analysis; contributor/activity analysis; spatial/statistical comparison,,No reference dataset / intrinsic OSM history analysis,Mapping activity; temporal completeness/progress; regional heterogeneity; contributor/community development,Indirect,Activity-stage classification; temporal contribution analysis; spatial comparison; no formal inequality index,Gröchenig et al. - 2014 - Digging into the history of VGI data-sets results from a worldwide study on OpenStreetMap mapping a.pdf,Relevant as background on how OSM mapping progresses unevenly over time and space. It supports driver explanations rather than direct data-quality measurement.,Medium
Yas (2025),Iraq,GS,Building data / OSM building footprints and attributes,building / settlement data,"OpenStreetMap building dataset for two study areas in Baghdad, Iraq",Crowdsourced/VGI/open data,Reference building dataset for Baghdad study areas,building / settlement data,building / settlement data,Authoritative/reference building footprint dataset,Government/authoritative or research reference dataset,Multiple ownership,Study-area boundaries; building relationship/orientation metrics,Study-area context; geometric/attribute quality metrics,Research-defined,"Used to compare OSM building geometry, attributes, feature relationships, and orientation consistency with the reference dataset.","Compared OSM buildings with reference buildings using shape similarity, attribute accuracy, feature relationship, and orientation consistency indicators.",Dataset comparison; reference-based comparison; spatial/statistical comparison; multi-dimensional building quality assessment,,Reference-based comparison,Shape similarity; attribute accuracy; feature relationships; orientation consistency; building data completeness/quality,Indirect,Shape similarity metrics; orientation consistency; attribute accuracy checks; no formal inequality index,Yas - 2025 - International Journal on Technical and Physical Problems of Engineering (IJTPE).pdf,"Moderately relevant as a Global South/Middle East building-data quality case. Use cautiously because the uploaded filename/article metadata are less descriptive, but the abstract fits the OSM quality theme.",Medium
Goldblatt et al. (2020),"Multiple countries (Haiti, Dominica, and St. Lucia)",GS,Building data / OSM building footprints,building / settlement data,"OpenStreetMap building footprints for Haiti, Dominica, and St. Lucia",Crowdsourced/VGI/open data,Remote sensing predictors and derived land-cover/built-up classifications used to predict/validate completeness,imagery / remote sensing data,imagery / remote sensing data,Remote sensing imagery and derived raster indicators,Open/government satellite data; research-derived products,Multiple ownership,VIIRS; Sentinel-1; Sentinel-2; forest and built-up land-cover classifications; disaster-risk island case-study boundaries,Nighttime lights/remote sensing; satellite imagery; land-cover predictors; country boundaries,Open remote sensing; research-derived,Used as predictors to estimate and map where OSM building footprints are incomplete in disaster-prone small island states.,Modeled OSM building footprint completeness using remotely sensed indicators and derived classifications to identify unmapped or under-mapped areas.,Proxy-based assessment; remote sensing/model-based completeness assessment; spatial/statistical comparison; disaster-risk fitness assessment,,Proxy/model-based completeness assessment,Building footprint completeness; disaster-risk data gaps; spatial coverage; data-scarce vulnerable areas,Indirect,Remote-sensing predictor model; explained variance in completeness; spatial gap detection; no formal inequality index,Goldblatt et al. - 2020 - Assessing OpenStreetMap Completeness for Management of Natural Disaster by Means of Remote Sensing.pdf,Highly relevant to your Global South/disaster-risk angle because it assesses OSM building completeness in vulnerable Caribbean contexts and proposes a scalable proxy method.,High
Yang et al. (2024),Multiple countries,Multiple countries,OSM organizational contribution data / mapped feature completeness,geospatial metadata / contribution activity,OpenStreetMap contributions by organizations across nations,Crowdsourced/VGI/open data,National OSM completeness/inequality baseline used for comparison,contributoer / metadata / activity data or open geospatial baseline data,other reference,OSM-derived data inequality measures,Crowdsourced/VGI; research-derived,Multiple ownership,Organization contribution metadata; national units; OSM completeness indicators,Contributor/organization metadata; country-level spatial units; inequality indicators,Crowdsourced/VGI; organizational contributors; research-derived,Used to assess whether organization contributions are directed toward data-poor countries and whether they reduce inequality.,Measured OSM data inequality with the Gini coefficient and used spectral analysis and robust correlation analysis to evaluate how organizational contributions affect inequality across nations.,Direct inequality assessment; contributor/organization analysis; spatial/statistical comparison; formal inequality index,,Contributor-impact inequality assessment,OSM data inequality; completeness inequality; organizational contribution impact; humanitarian/corporate mapping effects,Direct,Gini coefficient; spectral analysis; robust correlation analysis; country-level inequality comparison,Yang et al. - 2024 - How do contributions of organizations impact data inequality in OpenStreetMap.pdf,Highly relevant: directly measures data inequality and evaluates whether organizational mapping reduces it. Strong article for both RQ2 and strategy/actor discussions.,High
Shang et al. (2026),China,GS,Land-use data / OSM land-use classes,land-use / land-cover,"OpenStreetMap land use data for 332 Chinese cities, 2022",Crowdsourced/VGI/open data,China Urban Land Use Mapping dataset,land-use / land - cover data,land-use / land-cover data,Time-series authoritative/research land-use reference dataset,Research/open or government-supported authoritative dataset,Research / open data,"City socioeconomic indicators: GDP per capita, education, vehicle ownership, urbanization, population density; province fixed effects",Socioeconomic/statistical data; modeling controls,Government/statistical; research-derived,Used to explain inter- and intra-city variation in OSM land-use completeness and accuracy.,Compared OSM land-use data with China Urban Land Use Mapping data and modeled associations between completeness/accuracy and city-level socioeconomic conditions.,Dataset comparison; reference-based comparison; spatial/statistical comparison; socioeconomic association/regression analysis,,Reference-based comparison,Land-use completeness; overall accuracy; class-specific accuracy; socioeconomic inequality; inter- and intra-city variation,Indirect,Completeness and accuracy rates; regression with socioeconomic indicators; no formal inequality index,Shang et al. - 2026 - OSM land use data quality and its association with city-level socioeconomic conditions in China.pdf,Relevant because it explicitly links OSM land-use quality to socioeconomic conditions across Chinese cities. Useful for drivers of data inequality and charting land-use studies.,Medium-high
Kuffer et al. (2021),Low-and middle income countries in Sub-Saharan African,GS,Spatial information on deprived urban areas / slum mapping information needs,urban/slum mapping,User requirements and EO-based information system specifications for deprived urban areas in LMICs,user-centered survey,Existing deprivation/slum information gaps and user requirements,information-need/requirement data,other reference,User needs; deprivation mapping requirements; EO-based data ecosystem specifications,Research-derived; stakeholder/user input,Research / open data,Online survey; user interactions; Earth Observation data concepts; community-based information,Survey data; stakeholder input; EO data; local community information,Research/user-generated; EO/open data; community data,Used to define requirements for an open-access spatial information system to address gaps in mapping deprived urban areas.,"Combined survey and user interactions to identify spatial, temporal, scale, content, and access requirements for EO-based slum/deprivation information systems.",Direct data gap assessment; user-needs assessment; access/availability assessment; framework/specification development,,Information-needs / data-gap assessment,Data availability; accessibility; spatial granularity; temporal currency; deprivation/slum information gaps; equity of access,Direct,User requirement analysis; specification synthesis; no formal inequality index,Kuffer et al. - 2021 - Spatial Information Gaps on Deprived Urban Areas (Slums) in Low-and-Middle-Income-Countries A User-.pdf,"Highly relevant conceptually because it focuses directly on spatial information gaps in LMIC deprived urban areas and proposes data-system requirements, even though it is not an OSM quality comparison.",High
Yang et al. (2016),"Multiple countries (Germany, France, US, Netherlands)",GN,OSM contribution data / contributor productivity,geospatial metadata / contribution activity,OpenStreetMap contribution history for four countries,Crowdsourced/VGI/open data,No external reference dataset,no external reference data,no external reference data,Not applicable,Not applicable,None,Contributor classes; temporal contribution records; country cases with/without imports,Temporal metadata; contributor productivity indicators; country-level comparison,Crowdsourced/VGI metadata; research-derived classifications,Used to measure how contribution inequality changes over time and how different contributor groups affect inequality.,"Measured contribution inequality using Lorenz curves and Gini coefficients, classified contributors by quantiles, and used Mann-Whitney-Wilcoxon tests to analyze productivity changes.",Direct inequality assessment; contributor/activity analysis; temporal/evolution analysis; formal inequality index,,No reference dataset / contribution inequality analysis,Contribution inequality; contributor productivity; temporal dynamics; vocal minority/silent majority structure,Direct,Lorenz curve; Gini coefficient; quantile classification; Mann-Whitney-Wilcoxon test,Yang et al. - 2016 - Temporal Analysis on Contribution Inequality in OpenStreetMap A Comparative Study for Four Countrie.pdf,"Highly relevant for measuring inequality within OSM production. It does not assess data quality directly, but it provides formal inequality metrics for contributor imbalance.",High
Kleebauer et al. (2025),South Africa,GS,Renewable energy infrastructure data / wind turbine point features and attributes,infrastructure / environmental,OpenStreetMap wind turbine data for South Africa combined with satellite imagery and curated public sources,Crowdsourced/VGI/open data,High-resolution Google and Bing satellite imagery; multiple public wind-energy sources,mixed: imagery + infrastructure / energy data,mixed reference data,Commercial satellite imagery; public energy/infrastructure datasets,Commercial/proprietary imagery; public/open institutional sources,Multiple ownership,RetinaNet deep-learning model; manual curation; wind farm capacity/commissioning information,Deep-learning model output; attribute verification data; energy infrastructure context,Research-derived; public/open; commercial imagery,"Used to correct turbine coordinates, verify attributes, and harmonize a public wind-turbine dataset.","Combined OSM data, high-resolution imagery, deep-learning coordinate correction, manual curation, and public-source cross-checking to produce a complete wind turbine dataset.",Data integration/curation; remote sensing validation; deep learning; attribute completeness assessment,,Reference/proxy-based validation and curation,Positional accuracy; attribute completeness; metadata consistency; infrastructure data availability,Indirect,Deep-learning coordinate correction; manual validation; attribute completeness/consistency checks; no formal inequality index,"Kleebauer et al. - 2025 - A Wind Turbines Dataset for South Africa OpenStreetMap Data, Deep Learning Based Geo-Coordinate Cor.pdf","Relevant as a Global South infrastructure-data improvement example, but less central if your focus is measuring data inequality rather than producing a specialized dataset.",Low-medium
Zhou et al. (2022) — buildings,Multiple countries,Multiple countries,Building data / OSM building footprints,building / settlement data,"OpenStreetMap building data for 12,975 cities globally",Crowdsourced/VGI/open data,Population grid data used as proxy for reference building data,population / socioeconomic / demographic data,population / socioeconomic / demographic data,Gridded population proxy/reference data,Research/open population dataset,Research / open data,City boundaries; within-city grid cells; population grid,Urban/city boundaries; gridded population data; spatial aggregation grid,Research/open; research-generated,Used to estimate OSM building completeness at city and intra-city grid scales.,Estimated OSM building completeness globally using population grid data as a proxy for reference building data and evaluated estimated completeness with accuracy and R² measures.,Proxy-based assessment; spatial/statistical comparison; global completeness assessment,,Proxy-based comparison,Building completeness; urban data coverage; city-level and grid-level spatial heterogeneity,Direct,Population-grid proxy completeness estimation; city/grid comparison; overall accuracy and R² validation; no formal inequality index,"Zhou et al. - 2022 - Assessing OSM building completeness for almost 13,000 cities globally.pdf",Highly relevant: global-scale building completeness assessment that directly maps uneven OSM building coverage across cities. Strong for charting proxy-based building studies.,High
Monteiro & Patrício (2024),Portugal,GN,Waterway/hydrography line data,infrastructure / environmental,"OpenStreetMap waterway features for a mountain region in the Mondego River basin, Portugal, 2014–2023",Crowdsourced/VGI/open data,"Military official hydrography at 1:25,000 scale",Other reference data: environmental data,other reference,Government/authoritative hydrography line dataset,Government/authoritative military mapping data,Government / authoritative,SRTM DEM; altitude; slope; proximity to settlements; satellite imagery,Elevation raster; terrain indicators; settlement proximity; imagery,Open remote sensing; research-derived indicators,Used to interpret waterway completeness in relation to terrain and settlement conditions.,"Compared total OSM waterway length over time with official hydrography and analyzed completeness relationships with altitude, slope, and settlement proximity.",Dataset comparison; reference-based comparison; temporal/evolution analysis; spatial/statistical comparison,,Reference-based comparison,Waterway completeness; temporal change; terrain-related spatial variation; settlement proximity effects,Indirect,Length-based completeness ratio; temporal comparison; terrain/contextual association; no formal inequality index,Monteiro and Patrício - 2024 - Analysing Temporal Evolution of OpenStreetMap Waterways Completeness in a Mountain Region of Portuga.pdf,Moderately relevant as a non-road/non-building OSM completeness case. It broadens your data-type chart to hydrography but is not central to GN–GS inequality.,Medium
Sehra et al. (2015),India,GS,Road/network data / custom-recorded map features,transportation,OpenStreetMap dataset compared with smartphone GPS/GLONASS custom recorded ground data,Crowdsourced/VGI/open data,Custom recorded ground data collected with GPS/GLONASS smartphone,Otheer reference data: field / GPS ground-truth data,other reference,Field/GPS ground-truth dataset,Research-collected field data,Research / open data,JOSM editing environment; ISO/TC211 data quality elements,Editing tool; quality-standard framework,Open-source tool; international standards,"Used to prepare data and assess OSM coverage, accuracy, and completeness against field records.","Compared OSM with custom recorded GPS/GLONASS ground data using ISO quality elements such as coverage, accuracy, and completeness.",Dataset comparison; field/reference-based comparison; external validation; data quality assessment,,Reference-based comparison,Coverage; accuracy; completeness; variance between OSM and ground-recorded data,Indirect,Coverage/completeness comparison; GPS positional accuracy comparison; no formal inequality index,Sehra et al. - 2015 - Quality Assessment of Crowdsourced Data against Custom Recorded Map Data.pdf,Useful as a small-scale methodological example of field-based OSM validation. Relevance is limited unless you need examples of survey/GPS reference data.,Low-medium
Wang et al. (2013),China,GS,Road network data,transportation,"OpenStreetMap road data for Wuhan, China",Crowdsourced/VGI/open data,2011 navigation map,transportation,transportation,Commercial/proprietary or authoritative navigation road map,Commercial/proprietary mapping data,Commercial/proprietary,OSM data quality framework; Wuhan case-study boundary,Quality assessment framework; study-area data,Research-derived; commercial/reference map,"Used to structure road quality assessment by completeness, thematic accuracy, and positional accuracy.","Developed an OSM quality analysis framework and assessed Wuhan OSM roads against a 2011 navigation map using completeness, thematic accuracy, and positional accuracy indicators.",Dataset comparison; reference-based comparison; spatial/statistical comparison; multi-dimensional data quality assessment,,Reference-based comparison,Completeness; thematic accuracy; positional accuracy; road network database update potential,Indirect,"Completeness, thematic accuracy, and positional accuracy metrics; no formal inequality index",Wang et al. - 2013 - QUALITY ANALYSIS OF OPEN STREET MAP DATA.pdf,Relevant as an early China OSM road quality assessment. It supports methods and the use of OSM for road database updating but is not directly about inequality.,Medium
Camboim et al. (2015),Brazil,GS,OSM contribution/update data / topographic mapping updates,geospatial metadata / contribution activity,OpenStreetMap updates in rural and urban Brazil,Crowdsourced/VGI/open data,No single reference dataset; official Brazilian topographic map coverage context,no external reference data,topographic / base map data,Contextual comparison with outdated/uneven official mapping coverage,Government/authoritative mapping context,Government / authoritative,Rural/urban areas; economic and developmental variables; Brazilian spatial data infrastructure context,Spatial units; socioeconomic/development indicators; official mapping context,Government/statistical; research-derived; VGI metadata,Used to analyze where OSM updates occur and how they relate to economic/development variables and official mapping gaps.,Analyzed spatial distribution of OSM updates in heterogeneous rural and urban areas of Brazil and correlated update patterns with economic and developmental variables.,Intrinsic evaluation; temporal/update analysis; spatial/statistical comparison; socioeconomic association,,No reference dataset / contextual comparison,Completeness/update activity; spatial heterogeneity; rural-urban differences; socioeconomic/development association,Indirect,Update density/completeness indicators; spatial distribution analysis; correlation with economic/development variables; no formal inequality index,"Camboim et al. - 2015 - An Investigation into the Completeness of, and the Updates to, OpenStreetMap Data in a Heterogeneous.pdf",Highly relevant to your Brazil/Global South interest because it explicitly links OSM update patterns to unequal and outdated official mapping coverage.,High
Su et al. (2017),China,GS,"Multi-feature volunteered geographic features / OSM points, lines, and polygons",multi-feature topographic,OpenStreetMap features for 333 Chinese cities,Crowdsourced/VGI/open data,Reference/quality checks for completeness and accuracy; socioeconomic/demographic comparison data,mixed: quality reference + socioeconomic / demographic data,mixed reference data,Mixed reference/contextual data; demographic and socioeconomic indicators,Government/statistical; research-derived,Multiple ownership,Demographic indicators; socioeconomic indicators; city boundaries; GWR model inputs,Socioeconomic/demographic data; administrative units; regression outputs,Government/statistical; research-derived,Used to explain VGI coverage and quality differences among Chinese cities.,"Measured VGI coverage by feature volume and VGI quality by completeness and accuracy, then used geographically weighted regression to relate coverage/quality to local demographic and socioeconomic characteristics.",Direct inequality assessment; spatial/statistical comparison; socioeconomic association; regression analysis,,Contextual/driver comparison,Coverage inequality; completeness; accuracy; socioeconomic and demographic drivers; spatial heterogeneity,Direct,Feature volume coverage measures; completeness/accuracy indicators; geographically weighted regression; no Gini/Theil,Su et al. - 2017 - Coverage inequality and quality of volunteered geographic features in Chinese cities Analyzing the.pdf,Highly relevant: directly addresses coverage inequality and data quality in VGI and connects them to socioeconomic/demographic drivers across Chinese cities.,High
Zhou et al. (2022) — LCLU,Multiple countries,Multiple countries,Land-cover/land-use data / OSM LCLU classes,land-use / land-cover,OSM-based LCLU data for 168 countries worldwide,Crowdsourced/VGI/open data,Global open land-cover data / CCI-LC used to produce and evaluate OSM-based LC datasets,land-use / land - cover data,land-use / land-cover data,Global land-cover reference dataset,Research/open global remote-sensing land-cover dataset,Multiple ownership,Country boundaries; socioeconomic variables; area percentages of OSM-LCLU types; spatial regression models,Administrative units; socioeconomic/contextual data; model inputs,International/open; research-derived,Used to assess and explain global accuracy and completeness patterns of OSM-LCLU data.,"Produced OSM-based LC datasets for 168 countries and compared accuracy/completeness patterns using global reference LC data and OLS, spatial lag, and spatial error models.",Dataset comparison; reference-based comparison; spatial/statistical comparison; spatial regression analysis,,Reference-based comparison,LCLU completeness; LCLU accuracy; global spatial patterns; socioeconomic association; regional clustering,Direct,Completeness and accuracy rates; OLS/SLM/SEM regression models; country-level spatial comparison; no formal inequality index,Zhou et al. - 2022 - Exploring the accuracy and completeness patterns of global land-coverland-use data in OpenStreetMap.pdf,"Highly relevant for global-scale data quality patterns, especially because it assesses both completeness and accuracy across countries and explains geographic clustering.",High
Hecht et al. (2013),German,GN,Building data / OSM building footprints,building / settlement data,OpenStreetMap building footprints in German test areas,Crowdsourced/VGI/open data,Official building footprint data from national mapping and cadastral agencies,building / settlement data,building / settlement data,Government/authoritative cadastral/topographic building data,Government/authoritative,Government / authoritative,German federal state/test-area boundaries; temporal OSM snapshots,Administrative/study-area units; temporal VGI data,Government/authoritative; crowdsourced/VGI,Used to compare building completeness over space and time in Germany.,Compared OSM building footprints with official data using unit-based and object-based completeness measures and assessed changes over time.,Dataset comparison; reference-based comparison; temporal/evolution analysis; spatial/statistical comparison,,Reference-based comparison,Building completeness; omission; temporal change; modeling differences between VGI and official data,Indirect,Object-based completeness; count/area completeness; temporal comparison; no formal inequality index,Hecht et al. - 2013 - Measuring Completeness of Building Footprints in OpenStreetMap over Space and Time.pdf,"Relevant as an early building-completeness methodology paper. It is a Global North case, useful for methods rather than direct geospatial inequality claims.",Medium